{"initial_reset_timestamp": 112613.272700685, "timestamps": [112631.171834975], "episode_lengths": [8], "episode_rewards": [11.200000000000001], "episode_types": ["t"]}