{"initial_reset_timestamp": 103570.457618624, "timestamps": [103578.573801803], "episode_lengths": [8], "episode_rewards": [11.200000000000001], "episode_types": ["t"]}